"121,110,198,174,210",match
"131,150,186,141,162",match
"105,100,97,101,102",match
"104,103,96,2,98",match
"1,99,95,102,95",match
"104,2,1,95,103",match
"116,126,8,78,137",match
"4,136,113,134,5",match
"115,127,108,76,77",match
"28,167,30,204,11",match
"143,168,201,155,156",match
"177,192,216,180,189",match
"150,210,141,121,131",match
"165,153,191,29,179",match
"15,215,145,14,213",match
"251,51,240,286,308",match
"228,284,31,351,344",match
"225,323,56,275,263",match
"311,272,239,237,52",match
"274,332,334,33,227",match
"66,457,409,363,375",match
"387,378,73,435,65",match
"423,411,436,365,63",match
"222,293,269,341,329",match
"424,448,72,377,412",match
"64,390,67,421,366",match
"89,469,471,459,39",match
"91,87,90,460,42",match
"23,472,74,20,22",match
"43,41,24,91,471",match
"168,216,203,191,14",match
"42,87,39,42,87",match
"219,182,149,140,157",match
"160,79,194,220,158",match
"317,329,305,269,234",match
"118,195,128,129,9",match
"218,183,6,139,208",match
"229,313,61,314,337",match
"244,357,58,254,290",match
"265,303,230,301,252",match
"279,242,59,356,278",match
"267,324,300,288,243",match
"402,368,367,425,392",match
"415,394,403,437,426",match
"473,26,440,45,94",match
"222,269,245,348,293",match
"461,450,476,92,25",match
"464,47,49,462,451",match
"452,449,474,475,44",match
"3,439,463,93,475",match
"109,7,120,112,142",match
"144,135,111,133,75",match
"107,122,83,132,114",match
"141,10,13,123,125",match
"120,7,83,132,107",match
"173,161,163,151,178",match
"360,442,418,384,466",match
"202,200,211,209,185",match
"212,176,214,188,154",match
"187,190,197,166,175",match
"164,221,199,152,166",match
"304,246,283,273,244",match
"258,340,359,226,297",match
"319,350,235,247,345",match
"271,328,224,268,233",match
"321,331,352,294,309",match
"410,388,420,395,408",match
"466,17,406,360,430",match
"373,385,374,397,405",match
"376,429,417,362,422",match
"453,443,432,456,444",match
"85,37,88,434,431",match
"94,40,477,86,455",match
"467,470,38,19,21",match
"465,468,50,27,446",match
"384,442,360,466,372",match
"430,454,36,84,418",match
